Name,SS,FSR,FQE,FRU,PU,QP,IPR,FPPP,GPH,GUE,MS,GPHD,RD,WD,ESCS,PCS,PR
Indian Institute of Technology Madras,18.5,30.0,17.88,29.09,34.43,37.0,15.0,10.0,28.5,15.0,21.1,17.32,21.43,13.57,7.43,20.0,100.0
Indian Institute of Technology Delhi,18.5,29.39,18.48,25.39,35.0,39.43,13.0,8.39,29.53,13.15,21.65,16.64,24.21,18.19,3.99,20.0,98.63
Indian Institute of Technology Bombay,18.5,30.0,19.48,21.33,33.66,36.18,15.0,7.72,29.96,13.85,19.51,16.39,18.53,12.56,4.59,18.0,92.88
Indian Institute of Technology Kanpur,18.25,26.27,17.01,25.18,29.32,31.18,15.0,7.63,36.55,15.0,22.0,16.24,18.95,8.73,8.28,20.0,87.05
Indian Institute of Technology Kharagpur,18.44,26.46,17.51,18.1,32.54,39.14,12.0,4.91,27.91,13.73,21.37,20.0,21.64,12.31,4.51,20.0,88.5
Indian Institute of Technology Roorkee,18.11,25.43,16.16,19.58,31.42,35.56,6.0,5.15,36.54,15.0,21.85,17.35,24.05,12.41,6.9,20.0,63.59
Indian Institute of Technology Guwahati,16.69,27.4,16.48,18.68,29.47,31.84,4.0,5.01,31.27,15.0,22.06,16.29,23.55,11.31,4.97,20.0,60.58
Indian Institute of Technology Hyderabad,10.32,30.0,16.78,25.5,22.26,22.09,7.0,5.55,30.94,15.0,20.57,6.03,16.5,14.46,5.61,20.0,66.7
National Institute of Technology Tiruchirappalli,16.0,20.82,13.74,19.44,23.21,24.5,3.0,3.91,35.46,15.0,17.3,10.37,16.59,17.96,6.8,20.0,69.32
National Institute of Technology Karnataka,16.0,24.29,14.89,17.98,23.44,22.97,1.0,2.76,35.31,15.0,16.64,11.67,16.76,18.2,9.58,20.0,50.18
Indian Institute of Technology (Indian School of Mines),15.34,21.92,14.98,17.05,28.25,30.94,2.5,3.84,30.29,14.51,17.14,11.17,19.46,7.07,8.09,20.0,35.36
Vellore Institute of Technology,18.54,20.02,13.2,9.65,27.24,35.19,7.0,0.27,25.57,13.92,13.67,13.84,19.06,20.66,0.12,20.0,49.73
Indian Institute of Technology Indore,9.11,29.61,16.65,20.84,24.56,25.64,2.0,3.68,26.8,14.93,20.62,9.22,17.15,11.44,7.18,20.0,30.29
Indian Institute of Technology (Banaras Hindu University) Varanasi,17.51,19.77,13.25,16.88,20.77,24.42,4.0,2.43,33.85,14.63,20.29,10.3,17.33,9.46,9.01,20.0,49.96
Institute of Chemical Technology,10.28,25.7,16.91,22.57,19.2,21.37,8.0,6.05,32.82,15.0,13.8,10.94,6.51,24.36,1.8,13.0,21.98
Amrita Vishwa Vidyapeetham,17.09,27.43,14.63,10.49,26.73,21.87,9.0,1.42,30.9,15.0,10.98,2.68,13.64,21.53,1.51,20.0,35.04
Jadavpur University,17.08,17.19,11.6,8.95,27.22,29.09,1.5,2.8,32.58,15.0,16.0,13.3,3.67,12.9,6.42,20.0,48.82
Anna University,18.02,24.03,13.38,10.86,20.63,24.18,3.0,2.25,19.67,15.0,12.89,11.05,0.77,26.66,3.44,20.0,65.95
Indian Institute of Technology Ropar,11.24,30.0,17.57,22.54,13.55,16.04,1.5,2.99,31.17,14.48,19.02,4.42,22.84,15.12,4.82,20.0,33.74
National Institute of Technology Rourkela,17.21,19.13,13.14,12.73,25.11,28.24,1.5,1.72,32.74,12.74,14.68,12.36,14.31,11.97,4.44,20.0,28.08
Indian Institute of Technology Patna,9.43,28.85,17.38,20.84,20.82,19.67,1.5,2.94,25.87,12.96,19.29,5.66,15.92,9.78,7.52,20.0,28.83
Indian Institute of Technology Gandhinagar,10.27,29.06,18.35,24.41,14.37,13.17,1.0,6.51,24.42,12.19,16.04,4.66,20.79,18.56,3.29,20.0,39.87
National Institute of Technology Warangal,16.0,22.6,15.0,14.28,18.38,18.79,0.0,2.42,33.38,15.0,17.1,8.98,16.03,15.44,4.04,20.0,40.72
Thapar Institute of Engineering and Technology,16.69,21.64,13.74,12.82,20.87,27.86,2.0,0.8,31.25,15.0,15.08,7.2,14.15,21.11,0.79,20.0,25.35
National Institute of Technology Calicut,16.0,23.61,14.92,13.47,15.39,15.21,3.0,1.02,36.08,15.0,16.4,10.47,14.33,21.86,7.32,20.0,37.53
Birla Institute of Technology & Science -Pilani,17.87,19.04,12.69,13.36,16.84,19.62,3.0,0.49,38.67,15.0,20.15,5.75,22.14,13.52,0.08,20.0,39.87
Indian Institute of Engineering Science and Technology,13.77,23.49,14.32,14.55,22.98,21.28,1.0,2.29,25.95,13.68,14.72,10.11,1.74,14.63,3.33,20.0,42.36
Indian Institute of Technology Bhubaneswar,9.13,28.01,18.12,19.83,16.11,17.06,1.0,3.65,30.14,15.0,18.56,2.74,22.2,11.55,1.87,20.0,29.93
National Institute of Technology Durgapur,12.86,24.93,16.79,14.65,19.73,19.08,2.0,1.83,31.74,15.0,14.96,6.67,14.11,13.31,9.01,20.0,26.15
Visvesvaraya National Institute of Technology,14.38,22.51,14.57,14.73,18.2,18.92,5.0,3.94,32.12,15.0,15.05,8.49,13.21,17.05,3.27,20.0,17.84
Amity University,14.77,27.32,14.98,11.38,24.66,21.06,11.0,0.53,23.12,15.0,10.18,4.08,14.22,22.32,0.39,20.0,9.87
Siksha `O` Anusandhan,17.32,29.92,14.37,14.15,11.95,16.48,5.0,0.85,36.19,15.0,10.24,8.73,14.27,30.0,0.87,20.0,12.15
Jamia Millia Islamia,10.5,25.24,14.36,10.17,23.24,23.29,1.0,2.46,36.15,15.0,15.44,6.37,17.12,9.25,8.34,20.0,13.24
S.R.M. Institute of Science and Technology,17.44,21.51,11.44,9.93,19.18,24.35,7.0,0.38,34.65,15.0,10.3,7.06,18.9,21.2,0.8,20.0,13.24
Aligarh Muslim University,12.0,30.0,16.22,13.58,22.5,23.75,3.0,0.85,26.0,13.26,12.29,5.11,5.99,10.51,3.88,20.0,20.65
Delhi Technological University,16.63,27.44,11.51,10.65,12.66,15.93,2.0,1.2,35.59,15.0,17.3,5.75,17.0,19.83,1.77,20.0,39.59
Malaviya National Institute of Technology,12.71,29.2,14.77,14.01,18.77,20.97,2.0,1.46,26.88,12.38,14.86,7.92,10.8,20.24,6.75,20.0,15.86
Shanmugha Arts Science Technology & Research Academy,16.07,28.65,16.0,10.75,15.61,18.94,1.5,1.56,34.37,15.0,11.89,6.3,10.35,25.88,0.83,20.0,12.7
Kalinga Institute of Industrial Technology,19.0,23.06,14.32,13.62,11.7,14.75,3.0,0.54,35.07,15.0,11.57,9.09,25.61,29.78,1.29,20.0,13.24
Indian Institute of Space Science and Technology,6.95,30.0,17.8,22.73,11.22,9.81,1.0,1.15,28.44,12.75,17.33,2.56,18.06,18.89,8.32,20.0,39.01
Indian Institute of Technology Mandi,9.64,21.33,14.31,20.67,15.76,16.64,0.0,3.0,30.36,14.25,19.41,5.02,21.1,16.59,3.97,20.0,21.98
Motilal Nehru National Institute of Technology,14.2,21.45,13.95,14.63,15.49,16.67,0.5,1.4,33.47,15.0,17.47,7.7,12.72,13.62,8.5,20.0,21.98
Indian Institute of Technology Jodhpur,10.32,27.02,17.1,21.95,12.07,12.88,0.0,3.12,26.1,13.7,18.41,4.38,19.34,19.57,4.43,20.0,13.78
National Institute of Technology Kurukshetra,13.34,21.09,12.05,15.72,19.66,19.53,0.5,0.96,29.5,13.81,15.23,3.47,14.14,16.45,3.07,20.0,19.73
Sri Sivasubramaniya Nadar College of Engineering,15.0,25.68,14.74,11.53,16.93,15.9,1.0,0.73,31.62,13.82,11.84,4.42,3.42,26.19,3.86,20.0,20.65
Birla Institute of Technology,10.17,28.74,17.07,12.23,17.75,14.97,0.0,1.48,23.75,13.53,15.98,4.98,10.63,18.87,0.91,20.0,26.54
National Institute of Technology Silchar,12.79,22.84,15.23,12.26,18.45,19.28,2.0,0.63,26.27,15.0,14.31,6.37,12.91,14.28,5.54,20.0,8.68
Dr. B. R. Ambedkar National Institute of Technology,13.82,28.26,14.73,11.17,11.94,14.29,1.0,0.49,27.17,15.0,14.14,4.47,13.49,21.67,7.96,20.0,18.32
Koneru Lakshmaiah Education Foundation University (K L College of Engineering),16.75,30.0,16.93,7.4,18.41,18.66,1.0,0.31,18.66,15.0,10.39,4.57,9.92,24.88,0.25,20.0,4.23
Manipal Institute of Technology,15.5,29.87,14.82,9.96,13.26,13.92,1.5,0.32,18.25,15.0,14.1,2.8,19.16,21.43,1.44,20.0,21.98
"College of Engineering, Pune",11.5,27.23,13.12,12.99,9.23,7.35,4.0,1.81,36.19,15.0,15.65,0.99,4.2,24.2,5.77,20.0,29.57
PSG College of Technology,15.5,29.02,14.19,9.87,8.53,11.16,3.0,0.89,21.57,14.01,10.9,1.88,1.3,25.09,2.5,20.0,57.14
International Institute of Information Technology Hyderabad,8.38,16.98,11.81,13.58,16.63,15.27,0.0,1.18,31.32,12.5,25.0,2.26,18.39,12.64,0.41,20.0,26.15
Sathyabama Institute of Science and Technology,14.91,23.76,12.72,8.44,14.46,15.61,10.0,0.98,14.9,15.0,10.42,5.07,17.43,22.84,2.9,20.0,9.87
Kalasalingam Academy of Research and Education,12.16,26.65,15.63,9.81,9.53,12.63,1.0,1.26,31.43,14.35,10.41,4.23,11.7,28.52,5.01,20.0,13.78
Visvesvaraya Technological University,6.94,30.0,12.8,20.53,16.75,13.41,0.0,0.87,25.21,13.93,8.54,0.16,0.73,28.2,0.0,20.0,6.83
Defence Institute of Advanced Technology,4.31,29.44,17.13,16.15,15.3,13.72,1.0,3.71,18.68,12.17,18.34,2.97,9.01,16.7,0.0,20.0,2.87
National Institute of Technology Meghalaya,7.27,30.0,16.44,13.92,11.73,11.08,0.0,1.32,27.2,13.98,12.84,1.28,13.06,20.15,11.01,20.0,3.56
Maulana Azad National Institute of Technology,13.34,19.37,12.32,10.69,13.31,14.22,0.5,0.86,29.56,15.0,14.84,4.57,13.12,19.91,5.57,20.0,9.87
Chandigarh University,17.0,27.51,13.03,11.36,3.0,5.82,8.0,0.23,17.66,15.0,11.89,2.26,23.05,28.98,4.29,20.0,22.42
Jawaharlal Nehru Technological University,14.48,26.96,12.87,17.99,12.17,10.83,2.0,2.99,14.68,13.21,10.34,2.8,1.78,27.4,4.62,20.0,12.7
"Indraprastha Institute of Information Technology, Delhi",10.54,13.95,9.71,20.59,15.96,14.02,0.0,1.81,30.34,14.47,20.73,2.5,9.59,11.48,0.33,18.0,13.24
National Institute of Technology Raipur,13.68,22.1,13.76,11.03,13.49,14.29,0.5,0.7,24.4,15.0,15.34,4.52,11.42,18.33,8.56,20.0,2.87
M. S. Ramaiah Institute of Technology,12.33,29.77,14.82,9.34,7.07,0.31,1.0,0.46,31.09,15.0,12.35,1.62,8.34,23.55,1.82,20.0,14.31
Lovely Professional University,17.89,24.14,11.6,9.07,7.96,11.81,6.0,0.2,18.26,15.0,10.55,2.01,24.17,18.49,1.81,20.0,14.83
Banasthali Vidyapith,12.07,23.4,14.51,9.3,5.74,7.68,0.0,0.87,31.92,15.0,11.89,8.46,23.18,30.0,0.74,20.0,6.19
Pandit Deendayal Petroleum University,11.5,30.0,16.33,12.23,7.0,11.1,4.0,1.16,26.46,15.0,10.39,1.48,3.36,15.94,2.8,20.0,2.87
National Institute of Technology Srinagar,10.14,24.73,14.87,16.13,6.26,7.25,0.0,0.78,25.55,15.0,13.37,3.93,12.03,21.32,10.54,20.0,6.19
"Punjab Engineering College (Deemed to be University), Chandigarh",11.56,19.57,11.43,13.42,6.14,7.97,0.0,1.13,32.21,15.0,15.68,2.68,13.59,20.14,1.68,20.0,26.15
Thiagarajar College of Engineering,11.5,23.82,12.62,8.17,7.27,0.71,1.0,1.66,32.39,15.0,10.84,2.68,0.49,26.6,3.9,20.0,28.83
National Institute of Technology Patna,11.17,18.42,12.32,12.55,10.67,11.42,0.0,2.21,30.97,13.58,14.23,3.08,10.35,9.71,10.72,20.0,9.87
Indian Institute of Information Technology Guwahati,5.63,28.59,16.37,14.28,4.08,4.34,0.0,0.71,27.78,14.92,14.13,0.08,19.2,18.55,0.27,15.0,31.01
College of Engineering (A),11.0,23.33,15.04,15.07,4.37,3.76,0.0,1.65,37.1,15.0,11.07,6.06,1.3,28.37,4.25,20.0,4.23
Graphic Era University,10.89,27.32,13.96,12.6,4.52,6.23,2.5,0.4,23.43,14.39,10.39,0.85,16.36,23.55,0.54,20.0,24.53
International Institute of Information Technology Bangalore,5.97,23.15,14.08,15.7,6.15,3.58,0.5,0.65,24.44,15.0,23.8,0.4,21.32,19.61,0.0,20.0,18.8
R.V. College of Engineering,14.0,26.98,14.13,8.76,8.32,5.63,0.0,0.5,25.68,14.78,16.14,0.4,6.57,23.18,0.56,20.0,15.86
Sri Krishna College of Engineering and Technology,12.0,27.62,11.78,10.83,2.8,4.14,3.0,0.92,36.04,15.0,11.82,0.4,1.1,25.81,2.8,20.0,17.35
Shri Mata Vaishno Devi University,7.28,30.0,17.82,13.97,8.22,11.3,0.0,1.03,21.42,13.48,10.02,2.91,6.81,16.02,2.66,20.0,2.17
"Pandit Dwarka Prasad Mishra Indian Institute of Information Technology, Design and Manufacturing (IIITDM) Jabalpur",8.35,14.79,10.03,13.01,14.07,14.12,0.0,1.42,26.4,15.0,16.43,3.93,18.84,7.73,7.49,20.0,6.83
Indian Institute of Food Processing Technology (IIFPT),5.02,30.0,17.64,19.18,1.35,3.07,0.0,3.56,28.5,14.86,0.31,0.47,7.65,27.78,2.13,20.0,9.87
"Veermata Jijabai Technological Institute,  (VJTI, Mumbai)",12.5,23.84,12.39,11.61,4.64,4.75,0.0,2.23,33.29,15.0,15.79,1.94,3.77,23.92,5.91,20.0,9.28
PES University,13.96,25.74,11.79,10.8,6.38,5.08,1.5,0.4,31.06,15.0,14.31,0.16,4.51,23.43,1.42,20.0,13.24
Manipal University Jaipur,12.18,28.08,15.59,9.49,7.51,9.0,0.0,0.14,24.4,15.0,11.23,0.16,18.79,19.78,0.15,20.0,0.0
National Institute of Technology Goa,5.88,23.37,13.31,14.13,10.49,9.51,0.0,1.42,25.64,12.69,14.13,1.06,15.64,19.32,2.11,20.0,7.45
"National Institute of Technology, Jamshedpur",11.49,18.67,12.8,13.49,6.06,8.43,0.0,1.13,35.12,15.0,14.56,2.97,12.61,9.91,3.21,20.0,8.07
Indian Institute of Information Technology Allahabad,9.04,14.39,9.8,13.33,7.69,7.33,0.0,0.67,31.74,15.0,22.18,3.36,17.74,10.09,3.91,20.0,19.73
Netaji Subhas University of Technology (NSUT),13.48,16.44,8.02,9.2,9.98,12.2,0.0,0.07,28.29,15.0,19.29,3.25,5.25,18.76,0.22,20.0,18.32
Panjab University,10.72,14.38,9.01,5.61,17.07,20.86,3.0,1.68,19.58,11.75,13.49,3.57,13.55,20.97,0.6,8.0,14.83
Kumaraguru College of Technology,13.26,27.14,13.51,7.85,6.77,5.93,2.5,0.56,28.09,13.64,10.59,0.16,0.93,24.15,0.64,20.0,15.86
University of Petroleum and Energy Studies,11.98,21.42,11.59,12.93,7.92,9.12,3.0,0.25,24.59,14.91,11.35,0.16,19.8,17.24,0.01,20.0,4.9
National Institute of Technology Agartala,10.39,21.77,12.96,11.84,9.94,11.66,0.0,0.22,19.31,12.93,13.83,2.8,11.34,18.32,8.04,20.0,6.83
Vel Tech Rangarajan Dr. Sagunthala R & D Institute of Science and Technology,12.02,25.25,12.19,6.35,11.61,13.25,3.5,0.13,18.53,9.07,10.78,0.16,19.38,18.7,5.53,20.0,4.9
Jaypee Institute of Information Technology,12.64,19.81,11.93,8.69,10.56,11.35,1.0,0.2,29.11,13.82,11.54,2.32,8.67,20.63,0.0,20.0,6.83
College of Engineering Trivandrum,11.5,30.0,12.57,9.78,5.09,4.3,0.0,0.86,24.91,15.0,11.94,1.55,0.58,25.73,3.85,20.0,14.83
Bharati Vidyapeeth Deemed University College of Engineering,12.11,28.78,12.5,6.95,0.79,1.07,1.0,0.16,35.61,15.0,9.8,2.32,21.77,25.45,4.36,20.0,6.83
The Northcap University,7.28,26.63,15.08,11.37,5.4,7.24,0.0,0.08,30.84,15.0,10.75,0.24,9.25,20.89,1.18,20.0,8.07
B.M.S. College of Engineering,13.7,23.1,12.48,10.34,4.67,5.02,2.0,0.64,23.18,14.71,15.22,0.99,6.72,23.57,1.65,20.0,15.35
National Institute of Technology Hamirpur,11.59,17.28,11.44,9.88,9.29,11.97,0.0,0.66,25.93,15.0,14.13,3.14,12.82,10.7,3.02,20.0,11.59
"C.V. Raman Global University, Odisha",10.2,30.0,12.05,9.85,1.56,2.94,1.0,0.08,32.85,15.0,11.04,0.0,12.62,21.92,3.01,20.0,11.02
Siddaganga Institute of Technology,9.84,27.92,13.72,7.91,5.74,7.3,2.0,0.39,29.1,12.57,11.95,0.62,4.09,24.87,0.6,20.0,5.55
Coimbatore Institute of Technology,11.26,30.0,14.57,8.16,2.48,4.03,1.0,0.96,20.58,11.81,10.22,0.77,0.64,24.37,5.49,20.0,32.73
Shoolini University of Biotechnology and Management Sciences,7.72,26.83,15.61,5.81,5.84,12.65,4.0,0.24,22.9,13.63,9.67,1.28,9.73,24.31,0.7,20.0,0.0
Tezpur University,9.5,18.68,12.27,9.13,14.45,16.21,2.0,1.6,14.77,15.0,10.12,1.62,6.75,14.01,1.14,20.0,7.45
Karunya Institute of Technology and Sciences,11.38,20.75,12.89,0.07,11.84,12.42,2.0,0.31,18.73,14.52,8.72,1.81,10.19,21.66,0.12,20.0,8.07
Atal Bihari Vajpayee Indian Institute of Information Technology and Management,5.75,16.07,11.3,13.79,7.89,7.74,0.0,1.4,31.53,13.31,19.82,1.81,19.3,11.44,2.83,20.0,4.9
Dhirubhai Ambani Institute of Information and Communication Technology,8.16,20.39,11.81,9.76,5.46,5.23,0.0,0.4,36.24,15.0,19.16,1.28,4.99,20.35,3.47,20.0,6.19
Guru Gobind Singh Indraprastha University,7.56,16.91,10.36,6.47,18.14,14.77,0.0,0.04,18.82,15.0,13.47,0.4,5.9,20.44,0.31,18.0,16.36
Sri Sairam Engineering College,12.58,25.17,11.67,6.13,3.92,4.04,3.0,0.32,30.45,15.0,11.6,1.88,2.88,26.2,8.75,20.0,2.17
Rajalakshmi Engineering College,14.05,28.83,13.52,7.74,1.45,2.93,0.0,0.58,28.39,15.0,10.63,2.13,4.56,25.29,4.08,20.0,3.56
"Vignan's Foundation for Science, Technology and Research",13.55,25.75,12.66,5.79,6.27,7.36,2.0,0.21,21.64,15.0,11.52,1.06,5.68,26.8,3.78,20.0,1.46
B. S. Abdur Rahman Crescent Institute of Science and Technology,8.83,27.77,14.66,9.12,5.45,8.82,1.5,0.66,24.87,12.92,9.11,0.4,2.86,19.76,1.98,20.0,6.19
Chitkara University,13.82,20.73,10.28,8.75,2.08,2.95,8.0,0.35,26.09,15.0,11.15,0.32,14.89,22.16,1.05,20.0,11.02
National Institute of Technology Manipur,6.62,30.0,13.92,10.56,5.83,7.67,0.0,1.28,14.22,12.49,13.58,1.88,10.0,19.07,9.82,20.0,3.56
National Institute of Foundry and Forge Technology (NIFFT),4.43,29.64,17.22,15.78,0.75,2.68,0.0,0.29,27.63,12.89,11.78,1.41,14.52,8.22,2.42,20.0,5.55
Veer Surendra Sai University of Technology,13.72,19.62,10.96,9.16,9.91,12.06,0.0,0.19,17.23,15.0,10.87,3.19,0.53,23.4,3.16,20.0,6.83
Maharaja Sayajirao University of Baroda,14.0,23.89,11.66,6.93,4.06,7.49,2.0,1.23,25.68,14.16,9.48,3.14,0.56,22.93,6.63,20.0,4.23
Manav Rachna International Institute of Research & Studies,7.59,28.27,13.24,8.72,2.03,2.27,1.5,0.41,31.49,15.0,11.04,0.85,11.45,19.6,1.17,20.0,11.59
Shri Ramdeobaba College of Engineering and Management,10.5,27.47,13.39,8.35,3.57,2.34,2.0,0.07,31.8,15.0,10.93,0.0,4.75,25.32,0.79,20.0,2.87
Punjab Technical University,4.19,22.54,14.54,22.37,16.84,15.35,0.0,0.08,2.18,5.21,8.65,0.0,7.44,17.74,1.05,20.0,5.55
Saveetha Institute of Medical and Technical Sciences,13.29,22.23,12.38,7.9,6.75,7.35,4.5,1.22,13.65,15.0,10.5,0.32,18.05,20.43,6.57,20.0,0.0
Vishwakarma Institute of Technology,14.5,23.58,10.07,8.56,1.16,1.32,2.5,0.45,34.97,15.0,12.55,1.14,4.3,22.8,1.22,20.0,6.19
University College of Engingeering,8.38,30.0,13.3,7.8,0.71,2.0,0.0,0.47,30.88,15.0,10.98,1.06,3.72,26.86,5.67,20.0,4.23
Mepco Schlenk Engineering College,10.96,21.39,11.0,6.32,6.0,8.2,5.0,0.15,22.78,13.74,10.18,1.21,0.17,25.75,0.6,20.0,17.35
"Vels Institute of Science, Technology & Advanced Studies (VISTAS)",7.71,30.0,14.59,5.06,11.04,8.09,2.0,0.31,21.76,10.93,8.92,0.55,3.21,17.8,0.94,20.0,3.56
Dayalbagh Educational Institute,8.89,30.0,15.66,7.06,1.83,3.61,1.0,1.19,22.17,15.0,10.81,1.48,6.47,23.16,3.81,20.0,6.19
YMCA University of Science & Tech (Formerely YMCA Institute of Engineering),9.5,24.43,13.27,12.6,2.56,3.29,0.0,0.21,29.57,15.0,10.24,0.92,5.55,22.34,2.15,20.0,6.83
Government College of Technology,10.57,24.12,11.25,5.61,3.07,5.64,0.0,0.25,23.93,14.04,15.7,1.34,0.23,26.94,2.33,20.0,23.7
Jaypee University of Information Technology,7.63,18.32,11.67,9.52,8.24,10.77,2.0,0.27,26.41,13.91,11.24,3.68,12.0,13.71,0.3,20.0,3.56
G. H. Raisoni College of Engineering,10.05,24.47,10.68,7.29,2.53,2.09,4.0,0.24,35.81,15.0,10.12,0.0,2.33,23.39,2.96,20.0,9.87
PSG Institute of Technology and Applied Research,7.5,30.0,15.47,7.83,0.6,1.36,0.0,0.14,28.51,15.0,12.35,0.0,1.18,25.49,3.19,20.0,13.78
Chaitanya Bharathi Institute of Technology,12.0,26.67,12.63,9.06,1.1,1.01,0.0,0.1,30.62,15.0,11.13,0.0,2.23,26.5,2.85,20.0,10.45
SR University,10.4,30.0,15.19,6.92,1.82,3.5,1.0,0.18,17.47,14.19,10.08,0.0,7.01,29.4,6.13,20.0,8.07
Vallurupalli Nageswara Rao Vignana Jyothi Institute of Engineering and Technology,13.5,27.84,13.25,7.3,2.59,3.86,0.0,0.38,26.03,14.44,10.49,0.0,1.34,26.29,0.0,20.0,4.9
The Rashtrasant Tukadoji Maharaj Nagpur University,6.32,24.1,12.56,6.67,11.89,10.83,0.0,0.37,21.94,14.81,12.15,0.08,1.67,20.42,5.56,15.0,0.74
Sri Krishna College of Technology,10.62,25.71,9.52,8.6,1.64,3.21,3.0,0.27,34.05,15.0,11.13,0.16,2.41,22.06,2.97,20.0,3.56
NMAM Institute of Technology,12.0,26.31,12.57,8.24,4.26,4.72,0.0,0.16,24.13,15.0,11.35,0.32,2.37,25.34,1.01,20.0,4.23
P E S College of Engineering,8.79,29.54,13.01,9.35,0.41,0.47,0.0,0.16,30.68,15.0,10.72,0.16,5.47,29.7,5.43,20.0,0.0
Army Institute of Technology,7.5,26.03,9.92,9.92,0.6,0.36,0.0,0.41,35.96,15.0,13.98,0.0,25.0,18.77,0.43,14.0,7.45
New Horizon College of Engineering,13.5,19.51,11.1,7.64,0.25,0.75,4.0,0.91,34.27,15.0,14.5,0.7,9.06,22.49,1.69,20.0,3.56
Vardhaman College of Engineering,10.5,24.83,12.14,5.6,2.81,2.98,2.0,0.2,30.66,14.89,10.26,0.0,1.61,24.81,2.22,20.0,15.35
Bharatiya Vidya Bhavan`s Sardar Patel Institute of Technology,8.5,21.7,9.38,9.29,4.87,3.32,3.0,0.05,33.82,15.0,14.52,0.4,0.45,24.13,2.12,20.0,2.17
Pondicherry Engineering College,9.68,20.08,11.25,9.18,7.14,6.23,0.0,1.27,28.07,12.73,11.72,3.88,3.36,23.17,0.0,8.0,14.83
National Institute of Technology Puducherry,6.78,23.31,13.89,8.37,0.71,3.09,0.0,0.62,25.0,15.0,13.76,0.16,18.29,22.25,8.03,20.0,6.83
Anurag University,13.5,25.17,10.64,6.47,1.19,1.33,0.0,0.1,27.81,15.0,10.06,0.0,7.19,29.08,4.01,20.0,14.31
Chandigarh Engineering College,13.5,26.87,13.07,0.07,0.29,0.35,4.0,0.06,19.56,15.0,11.52,0.0,17.83,25.59,2.76,20.0,0.0
"National Institute of Food Technology, Entrepreneurship & Management",6.19,18.41,11.5,16.61,0.99,3.1,0.0,1.53,27.93,15.0,12.89,1.34,19.21,23.33,0.87,20.0,0.74
Yeshwantrao Chavan College of Engineering,12.0,24.96,11.54,7.59,2.5,2.36,2.0,0.24,30.52,13.69,10.84,0.0,1.48,25.69,5.19,20.0,0.74
Dr. Vishwanath Karad MIT World Peace University,15.5,25.2,10.86,10.25,2.46,0.74,1.5,0.48,24.54,14.37,10.93,0.32,5.63,21.46,1.16,20.0,0.0
SVKM`s Narsee Monjee Institute of Management Studies,10.94,24.5,11.66,9.15,2.79,4.29,0.0,0.05,24.36,14.4,11.89,1.41,9.58,25.76,0.0,20.0,2.17
BMS Institute of Technology & Management,10.5,20.36,10.16,8.97,1.32,3.51,0.0,0.05,33.84,15.0,10.48,0.0,7.97,24.6,2.02,20.0,13.24
Nirma University,12.0,19.55,10.14,10.33,4.96,7.26,1.0,0.21,24.92,15.0,11.51,0.24,3.61,19.52,2.82,20.0,4.9
"Amity University, Gwalior",5.06,30.0,15.31,7.12,1.66,1.55,0.0,0.5,34.01,15.0,9.41,0.32,3.88,22.24,0.07,20.0,2.87
CVR College Of Engineering,13.12,27.39,12.19,6.09,0.92,1.45,1.0,0.12,28.8,15.0,10.95,0.0,5.67,24.29,2.21,20.0,1.46
"Government Engineering College, Thrissur",10.0,28.95,12.15,9.59,1.85,1.58,0.0,0.45,23.93,15.0,10.3,1.06,0.33,26.29,5.33,20.0,2.87
"Jain University, Bangalore",12.45,20.16,9.63,6.73,5.83,9.94,2.0,0.76,14.83,12.31,11.17,6.56,14.68,18.67,0.97,20.0,0.74
Maulana Abul Kalam Azad University of Technology,3.55,20.36,11.59,11.29,8.77,9.52,0.0,0.42,29.7,10.84,9.61,2.32,3.39,19.28,0.0,20.0,2.87
Institute of Aeronautical Engineering,11.98,22.56,9.99,5.64,3.43,3.51,7.0,0.58,26.03,14.2,9.65,0.0,2.31,24.52,2.56,20.0,2.87
National Institute of Technology Arunachal Pradesh,4.33,25.98,16.46,12.83,3.8,3.93,1.0,1.21,17.67,9.87,13.56,0.7,9.87,14.49,9.14,18.0,2.17
Indira Gandhi Delhi Technical University for Women,7.57,17.03,10.16,8.34,4.15,4.11,0.0,0.56,33.74,15.0,16.14,0.47,5.5,30.0,0.99,18.0,4.23
Sant Longowal Institute of Engineering & Technology,10.14,23.99,11.95,12.32,6.89,9.24,0.0,0.19,8.99,9.44,9.48,1.68,17.66,16.67,2.71,20.0,4.9
"Silicon Institute of Technology (SIT), Bhubaneswar",8.54,26.19,14.37,6.39,0.86,1.64,0.5,0.08,29.17,15.0,10.33,0.0,11.65,24.63,2.89,20.0,0.74
Kongu Engineering College,12.46,25.15,13.07,6.94,3.06,4.76,0.0,0.18,24.34,12.49,9.15,0.32,0.18,22.69,1.09,20.0,10.45
Goka Raju Ranga Raju Institute of Engineering & Technology,13.5,24.87,11.06,6.45,2.59,2.92,0.0,0.21,28.14,14.34,10.15,0.0,0.97,25.15,3.32,20.0,4.23
Annamalai University,8.31,28.38,13.52,9.42,12.29,11.93,0.5,0.32,3.59,5.62,7.32,5.11,0.35,19.03,1.81,9.0,14.83
Rajiv Gandhi Institute of Petroleum Technology,4.54,22.34,14.69,17.34,1.92,4.33,0.0,0.89,23.41,9.42,15.81,0.85,12.83,5.98,3.66,20.0,2.17
Nitte Meenakshi Institute of Technology,11.39,26.12,12.07,7.85,1.78,2.87,0.0,0.22,23.74,14.68,10.54,1.34,7.04,22.53,2.16,20.0,2.17
Institute of Engineering & Management,9.0,22.26,9.76,9.64,4.29,4.86,0.0,0.19,19.67,15.0,10.12,0.0,17.38,25.43,4.28,20.0,4.23
R.M.K. Engineering College,10.08,24.51,11.3,8.56,0.96,2.04,0.0,0.25,29.45,15.0,11.07,0.08,5.67,24.03,2.69,20.0,3.56
Noida Institute of Engineering & Technology,11.27,26.77,8.03,6.38,0.35,0.78,0.0,0.24,31.58,15.0,10.93,0.0,7.49,19.0,2.18,20.0,14.83
Hindustan Institute of Technology and Science (HITS),11.18,20.3,11.61,5.33,6.42,8.12,3.0,0.12,21.69,11.88,9.17,1.28,5.03,20.21,1.6,20.0,6.83
Dr. D. Y. Patil Institute of Technology,11.43,25.32,10.49,6.43,0.17,0.17,0.0,0.12,30.56,14.72,12.89,1.94,3.88,26.13,1.72,20.0,5.55
Guru Nanak Dev University,7.23,10.02,5.25,1.81,15.01,17.22,0.0,0.29,30.92,14.42,10.54,0.47,4.11,21.25,0.87,20.0,10.45
Sri Ramakrishna Engineering College,11.47,25.02,12.05,5.93,1.68,1.9,3.0,0.25,25.2,13.19,11.16,0.55,0.55,24.05,0.5,20.0,10.45
KIET Group of Institutions,11.89,26.52,12.34,7.09,1.38,1.82,1.0,0.34,27.6,15.0,10.66,0.08,1.35,20.69,2.63,20.0,0.0
Galgotias University,12.14,24.26,11.67,6.01,2.23,4.09,2.0,0.15,24.09,15.0,9.83,0.55,9.29,18.22,1.68,20.0,2.17
Velagapudi Ramakrishna Siddhartha Engineering College,13.5,23.47,11.54,5.9,3.76,3.02,1.0,0.36,21.44,14.7,10.65,0.0,0.31,27.7,4.52,20.0,3.56
Sharda University,9.18,24.18,13.01,5.71,3.5,4.82,2.0,0.12,19.49,10.98,10.06,0.62,14.91,19.6,0.04,20.0,12.15
KLE Technological University,13.5,23.0,10.61,7.52,2.73,3.79,0.0,0.22,23.75,15.0,11.67,0.0,1.91,25.39,0.7,20.0,2.87
Shri G. S. Institute of Technology & Science,10.76,23.03,10.93,0.21,1.19,1.84,0.0,0.78,28.2,13.01,12.97,0.92,1.37,23.2,3.73,20.0,6.19
North Eastern Regional Institute of Science & Technology,5.54,25.05,13.83,15.69,5.15,5.61,0.0,1.02,14.79,7.96,10.98,1.21,11.47,15.06,2.98,14.0,4.23
St. Josephs College of Engineering,12.72,22.81,11.54,4.43,3.08,6.04,1.5,0.04,26.94,13.29,10.39,0.08,0.62,24.24,0.8,20.0,0.0
Lakshmi Narain College of Technology,10.95,23.78,11.5,5.56,0.16,0.68,1.0,0.02,32.27,15.0,10.33,0.0,10.7,22.52,2.22,20.0,0.74
Centurion  University  of Technology and Management,8.78,22.39,10.97,10.38,0.91,1.14,0.0,0.73,30.36,14.72,9.25,0.0,8.22,20.35,4.49,20.0,0.74
Rabindranath Tagore University,9.01,26.33,17.21,3.48,0.24,0.42,1.0,0.1,18.21,15.0,10.13,4.61,17.89,20.97,2.57,20.0,0.0
National Institute of Technology Uttarakhand,5.51,30.0,13.96,7.6,5.15,6.82,0.0,0.29,15.11,13.5,13.98,0.16,9.34,11.63,3.74,11.0,1.46
JSS Science and Technology University,11.52,20.49,10.67,8.03,1.81,2.34,0.0,0.16,25.3,14.53,11.88,1.68,1.1,25.39,3.45,20.0,8.68
Easwari Engineering College,9.77,24.43,14.41,6.13,0.8,1.32,0.0,0.3,30.67,13.91,11.99,0.08,0.12,22.31,6.05,20.0,4.23
International Institute of Information Technology Bhubaneswar,7.49,16.1,9.26,9.45,6.08,5.98,0.0,0.53,28.28,15.0,10.42,0.77,12.18,17.02,0.44,20.0,4.23
National Engineering College,8.64,28.39,13.67,5.71,2.17,3.57,0.0,0.06,23.36,14.1,8.18,0.16,0.07,26.07,0.58,20.0,1.46
Sona College of Technology,11.09,24.18,12.49,5.92,1.53,1.79,0.5,0.34,26.81,13.48,8.36,0.85,0.87,24.42,3.39,20.0,4.9
C M R Institute of Technology,9.98,25.34,11.86,8.39,1.13,1.82,1.0,0.19,22.5,12.65,10.91,0.0,6.25,24.52,1.45,20.0,2.17
G.L.Bajaj Institute of Technology and Management,11.08,27.83,12.16,6.06,1.05,1.46,1.0,0.21,22.47,15.0,10.3,0.0,6.05,19.56,0.71,20.0,0.0
DIT University,10.82,20.13,10.32,8.87,2.17,4.82,0.0,0.11,21.49,15.0,10.48,1.55,14.32,20.32,0.4,20.0,1.46
The National Institute of Engineering,10.5,24.04,11.15,8.1,0.86,1.18,0.0,0.29,24.2,15.0,11.75,0.08,2.86,24.13,3.5,20.0,4.23
K. J. Somaiya College of Engineering,9.0,24.16,8.97,10.09,1.35,0.83,1.0,0.15,31.94,15.0,11.76,0.24,1.09,21.88,0.41,15.0,2.17
Kakatiya Institute of Technology & Science,12.0,25.2,12.07,6.53,0.43,0.52,0.5,0.19,23.8,15.0,10.33,0.0,0.29,26.75,2.21,20.0,4.9
Walchand College of Engineering,9.5,20.44,9.54,8.76,2.19,1.99,0.0,0.36,28.22,15.0,12.65,0.24,0.69,23.05,4.19,20.0,6.19
Sri Venkateswara University,9.47,15.84,8.5,7.96,11.3,13.37,0.0,0.92,13.29,12.26,10.02,2.01,0.31,22.74,4.26,16.0,3.56
